Filename,Accuracy,Precision,Recall,F1 Score,Macro F1 Score
indore-en-llama3_zshot_prompt-stanza-test-better_prompt.json,0.9738677567611261,0.37994050148746283,0.5265017667844523,0.44137250061713157,0.4785899266757252
indore-en-llama3_zshot_prompt-trankit-test-better_prompt.json,0.9744104944686944,0.3899745114698386,0.5406360424028268,0.4531095755182626,0.4866192172726451
indore-hi-llama3_zshot_prompt-stanza-test-better_prompt.json,0.9743867792912767,0.39001161440185833,0.5430142302716688,0.45396782479383535,0.4580325710395366
indore-hi-llama3_zshot_prompt-trankit-test-better_prompt.json,0.9739872663166173,0.3834794646977388,0.53751617076326,0.4476164826286022,0.45241760932106273
indore-te-llama3_zshot_prompt-stanza-test-better_prompt.json,0.9731093819561388,0.36915319074943487,0.523938795656466,0.43313271447516066,0.4349496785379999
