Filename,Accuracy,Precision,Recall,F1 Score,Macro F1 Score
indore-hi-llama3_zshot_prompt-stanza-test-better_prompt.json,0.974822066559766,0.39556962025316456,0.5380200860832137,0.45592705167173253,0.41865427767134733
